Element,Atomic Mass
C,12
H,1.007825032
N,14.003074
O,15.99491462
S,31.97207117
e-,0.0005486